tstp,energy(kWh/hh)
2012-06-20 09:30:00,0.135
2012-06-20 10:00:00,0.059
2012-06-20 10:30:00,0.078
2012-06-20 11:00:00,0.095
2012-06-20 11:30:00,0.096
2012-06-20 12:00:00,0.115
2012-06-20 12:30:00,0.092
2012-06-20 13:00:00,0.094
2012-06-20 13:30:00,0.052
2012-06-20 14:00:00,0.086
2012-06-20 14:30:00,0.118
2012-06-20 15:00:00,0.096
2012-06-20 15:30:00,0.115
2012-06-20 16:00:00,0.16
2012-06-20 16:30:00,0.144
2012-06-20 17:00:00,0.113
2012-06-20 17:30:00,0.13
2012-06-20 18:00:00,0.22
2012-06-20 18:30:00,0.212
2012-06-20 19:00:00,0.217
2012-06-20 19:30:00,0.208
2012-06-20 20:00:00,0.207
2012-06-20 20:30:00,0.189
2012-06-20 21:00:00,0.102
2012-06-20 21:30:00,0.155
2012-06-20 22:00:00,0.16
2012-06-20 22:30:00,0.158
2012-06-20 23:00:00,0.129
2012-06-20 23:30:00,0.161
2012-06-21 00:00:00,0.199
2012-06-21 00:30:00,0.01
2012-06-21 01:00:00,0.054
2012-06-21 01:30:00,0.011
2012-06-21 02:00:00,0.05
2012-06-21 02:30:00,0.011
2012-06-21 03:00:00,0.05
2012-06-21 03:30:00,0.011
2012-06-21 04:00:00,0.052
2012-06-21 04:30:00,0.01
2012-06-21 05:00:00,0.128
2012-06-21 05:30:00,1.022
2012-06-21 06:00:00,0.188
2012-06-21 06:30:00,0.073
2012-06-21 07:00:00,0.025
